allele	peptide	affinity_nm	mhcflurry_affinity_percentile	mhcflurry_processing_score	presentation_score	presentation_percentile
HLA-A*02:01	WIGLFLDEL	284.3788875289267	1.0514999999999992	0.0109094654035288	0.2449127685056242	1.5934782608694746
HLA-A*23:01	LWIGLFLDEL	474.7750213833497	0.7452499999999997	0.0065877247689059	0.1625912086583187	2.1113315217390607
